SSN,Name,Balance,PbankID,PBANumber
172,James Butt,25,3,1919
514,Josephine Darakjy,129,2,2218
213,Art Venere,250,1,3817
524,Lenna Paprocki,17,5,4536
489,Donette Foller,89,2,5535
504,Simona Morasca,125,5,5324
505,Mitsue Tollner,300,3,6533
690,Leota Dilliard,45,5,7412
646,Sage Wieser,78,2,8551
421,Kris Marrier,81,3,9529
461,Minna Amigon,49,1,1290
660,Abel Maclead,59,4,1149
751,Kiley Caldarera,83,3,2538
559,Graciela Ruta,167,2,3537
624,Cammy Albares,192,2,5715
449,Mattie Poquette,300,5,6544
477,Meaghan Garufi,81,2,7922
458,Gladys Rim,76,2,8391
443,Yuki Whobrey,658,1,9290
