Identifier,Verified,SSN
jbutt@gmail.com,0,172
josephine_darakjy@darakjy.org,0,514
art@venere.org,0,213
lpaprocki@hotmail.com,0,524
donette.foller@cox.net,0,489
simona@morasca.com,0,504
mitsue_tollner@yahoo.com,0,505
leota@hotmail.com,0,690
sage_wieser@cox.net,0,646
kris@gmail.com,0,421
minna_amigon@yahoo.com,0,461
amaclead@gmail.com,0,660
kiley.caldarera@aol.com,0,751
gruta@cox.net,0,559
calbares@gmail.com,0,624
mattie@aol.com,0,449
meaghan@hotmail.com,0,477
gladys.rim@rim.org,0,458
yuki_whobrey@aol.com,0,443